Timestamp,PV,CV,SP
0.0,55.12965318623729,62.88208873873874,55.0
0.02002002002002002,55.167540183336385,62.872935937715944,55.0
0.04004004004004004,55.32437019504929,62.86357893277544,55.0
0.06006006006006006,55.17481935135829,62.83001965214939,55.0
0.08008008008008008,55.18323980745778,62.855236637392366,55.0
0.10010010010010009,55.1576137664684,62.85111092778432,55.0
0.12012012012012012,55.03027911655545,62.85364294383527,55.0
0.14014014014014015,55.180350970822026,62.876775522105426,55.0
0.16016016016016016,55.15433425392192,62.84648478803358,55.0
0.18018018018018017,55.18448415302306,62.84913503826279,55.0
0.20020020020020018,55.17437489574053,62.84097194342324,55.0
0.22022022022022023,55.227256790360414,62.840398463787906,55.0
0.24024024024024024,55.17776620093038,62.82743053343834,55.0
0.2602602602602603,55.34890168298048,62.83409507445183,55.0
0.2802802802802803,55.367473666997924,62.79754549719776,55.0
0.3003003003003003,55.32940797871538,62.78895989903545,55.0
0.3203203203203203,55.35870431067365,62.791385723337676,55.0
0.34034034034034033,55.23544633457848,62.78093901468873,55.0
0.36036036036036034,55.20976651761477,62.800442192034,55.0
0.38038038038038036,55.24813747951125,62.802253287254764,55.0
0.40040040040040037,55.19415835406767,62.791677257188645,55.0
0.42042042042042044,55.05982571482856,62.798942457500864,55.0
0.44044044044044045,55.02310415888599,62.822955597354095,55.0
0.46046046046046046,55.14018560406821,62.82942530319706,55.0
0.4804804804804805,55.14410850474429,62.80580067281837,55.0
0.5005005005005005,55.123041165963855,62.80305539758828,55.0
0.5205205205205206,55.06884164187846,62.80522855463853,55.0
0.5405405405405406,54.981754113034675,62.8142907188603,55.0
0.5605605605605606,54.90865592597265,62.830657609812036,55.0
0.5805805805805806,54.86526706930843,62.84546087155202,55.0
0.6006006006006006,55.10727657386577,62.85537595921377,55.0
0.6206206206206206,55.04491808715576,62.80910082546114,55.0
0.6406406406406406,54.94040581875597,62.8200076627996,55.0
0.6606606606606606,54.95267032463238,62.84017758614467,55.0
0.6806806806806807,55.02486356626876,62.83857193129142,55.0
0.7007007007007007,55.201064331281515,62.82486774322256,55.0
0.7207207207207207,55.23480781637065,62.7894528833389,55.0
0.7407407407407407,55.2392609225872,62.77991973856819,55.0
0.7607607607607607,55.28338947533253,62.77574290799598,55.0
0.7807807807807807,55.366834290868134,62.76360770165937,55.0
0.8008008008008007,55.437521024861276,62.74302958989223,55.0
0.8208208208208209,55.425554356535784,62.72382111832967,55.0
0.8408408408408409,55.45122880320537,62.72007122725367,55.0
0.8608608608608609,55.260951020389406,62.70899792784815,55.0
0.8808808808808809,55.1418536143489,62.7405423464124,55.0
0.9009009009009009,55.23469816701386,62.760587427990465,55.0
0.9209209209209209,55.34345520241862,62.74012212234585,55.0
0.9409409409409409,55.214580905006784,62.71518888477609,55.0
0.960960960960961,54.99683217834743,62.736023489987375,55.0
0.980980980980981,55.162285884074976,62.77635139831639,55.0
1.001001001001001,55.015160035110306,62.743468186103094,55.0
1.021021021021021,54.825430495664335,62.77047401521707,55.0
1.0410410410410411,54.88203393470665,62.80802039949476,55.0
1.0610610610610611,54.71549384156645,62.79920194136413,55.0
1.0810810810810811,54.796453949621544,62.833998931886434,55.0
1.1011011011011012,54.71478971903942,62.82187380909874,55.0
1.1211211211211212,54.680721271381884,62.84097863263075,55.0
1.1411411411411412,54.691990290719865,62.85175567202462,55.0
1.1611611611611612,54.62498073114119,62.8539873558294,55.0
1.1811811811811812,54.64544060572002,62.87163964964076,55.0
1.2012012012012012,54.74495849006306,62.872823373163925,55.0
1.2212212212212212,54.92025670398786,62.85798671985487,55.0
1.2412412412412412,54.79796085626945,62.82667407394661,55.0
1.2612612612612613,54.78955109626782,62.85213018516614,55.0
1.2812812812812813,54.78040449234626,62.85663522465258,55.0
1.3013013013013013,54.7482061958522,62.861404760899745,55.0
1.3213213213213213,54.78695923834231,62.87089008765112,55.0
1.3413413413413413,54.699718909218774,62.86670633100988,55.0
1.3613613613613613,54.71065143501728,62.88705393531208,55.0
1.3813813813813813,54.756775873505966,62.889086352883965,55.0
1.4014014014014013,54.8409622213821,62.88396187808079,55.0
1.4214214214214214,54.953318807052746,62.87061616138201,55.0
1.4414414414414414,54.9161471498829,62.85048438392509,55.0
1.4614614614614614,54.8293387694064,62.85853625551817,55.0
1.4814814814814814,55.01943199817398,62.87698745478352,55.0
1.5015015015015014,54.9678959036036,62.84154788716678,55.0
1.5215215215215214,54.922790474538346,62.85153197191911,55.0
1.5415415415415414,54.910355662882736,62.86095849166801,55.0
1.5615615615615615,54.73605053234567,62.86451520882094,55.0
1.5815815815815815,54.636938530819485,62.90046064950899,55.0
1.6016016016016015,54.7601476130502,62.92388431830839,55.0
1.6216216216216217,54.73963248050362,62.904451932807724,55.0
1.6416416416416417,54.624989821998206,62.91189602639585,55.0
1.6616616616616617,54.39990483525817,62.93836031610927,55.0
1.6816816816816818,54.34028135491779,62.9884107807046,55.0
1.7017017017017018,54.29150643549067,63.008686430905065,55.0
1.7217217217217218,54.45833539505275,63.027638629740956,55.0
1.7417417417417418,54.58194088845554,63.0043661675866,55.0
1.7617617617617618,54.58985416316491,62.98735783755496,55.0
1.7817817817817818,54.55862308820025,62.99164167123892,55.0
1.8018018018018018,54.56950791822985,63.00360488233481,55.0
1.8218218218218218,54.726824413099635,63.007624110846194,55.0
1.8418418418418419,54.85668217742337,62.98234884579839,55.0
1.8618618618618619,54.87531572283613,62.96033361737255,55.0
1.8818818818818819,54.873368411308945,62.9586337386787,55.0
1.901901901901902,54.82092279316893,62.96076860816975,55.0
1.921921921921922,54.80325902110597,62.97298063801178,55.0
1.941941941941942,54.807797955037024,62.97900556667878,55.0
1.961961961961962,54.74467828757135,62.98085938605317,55.0
1.981981981981982,54.831587595642915,62.99611460659037,55.0
2.002002002002002,54.88414152045127,62.98239651839193,55.0
2.022022022022022,54.84975202903371,62.974297684658424,55.0
2.042042042042042,54.94418946827508,62.98276531774137,55.0
2.062062062062062,54.99710004285905,62.966076521055435,55.0
2.0820820820820822,55.057243491334326,62.956328704797414,55.0
2.1021021021021022,54.99585493252456,62.944399955739726,55.0
2.1221221221221223,54.98054070632443,62.95581492815322,55.0
2.1421421421421423,54.99024571866716,62.95892076281452,55.0
2.1621621621621623,54.89611392073703,62.95726203216641,55.0
2.1821821821821823,54.854014408504604,62.976132275754125,55.0
2.2022022022022023,54.82238825740498,62.98596652964219,55.0
2.2222222222222223,54.85460520640617,62.994306421045394,55.0
2.2422422422422423,54.94684940578452,62.99038385015516,55.0
2.2622622622622623,55.01342204495342,62.97406352644236,55.0
2.2822822822822824,55.10370924886588,62.96155949147004,55.0
2.3023023023023024,55.04917954572611,62.943402975879245,55.0
2.3223223223223224,55.15513852522684,62.95280176811709,55.0
2.3423423423423424,55.13533982169878,62.931025243442825,55.0
2.3623623623623624,55.11418208436352,62.932791349437565,55.0
2.3823823823823824,55.237019677226606,62.93510538151417,55.0
2.4024024024024024,55.13975872502291,62.90905882975624,55.0
2.4224224224224224,55.04974835676241,62.925093525182874,55.0
2.4424424424424425,54.94007751845597,62.94104826914222,55.0
2.4624624624624625,54.98665401979101,62.96217712872503,55.0
2.4824824824824825,54.883780614084245,62.95374750673172,55.0
2.5025025025025025,54.90067070670587,62.9744077868904,55.0
2.5225225225225225,55.12387009161964,62.972675121863624,55.0
2.5425425425425425,55.027315856387304,62.929647318454705,55.0
2.5625625625625625,55.06856702237931,62.94712704717847,55.0
2.5825825825825826,55.11531178652656,62.93853468225741,55.0
2.6026026026026026,55.21253972892322,62.92827091989781,55.0
2.6226226226226226,55.38825973794934,62.90730521581475,55.0
2.6426426426426426,55.34022950654031,62.869355936736234,55.0
2.6626626626626626,55.33637563998262,62.87347354847427,55.0
2.6826826826826826,55.46365693420393,62.86947254085475,55.0
2.7027027027027026,55.35834697634264,62.83942780665018,55.0
2.7227227227227226,55.44776306367593,62.85388826930618,55.0
2.7427427427427427,55.44336244086821,62.83107133530021,55.0
2.7627627627627627,55.535335397769025,62.82567216306003,55.0
2.7827827827827827,55.41376338340511,62.80115496826684,55.0
2.8028028028028027,55.29958405896629,62.81784730507064,55.0
2.8228228228228227,55.204286410689505,62.8347721048911,55.0
2.8428428428428427,55.24922729743664,62.84953929720003,55.0
2.8628628628628627,55.276366165782306,62.83773255831286,55.0
2.8828828828828827,55.32499400705508,62.82883886834865,55.0
2.9029029029029028,55.28393991814011,62.81528824714384,55.0
2.9229229229229228,55.18615934770487,62.81890411560115,55.0
2.942942942942943,55.24858121779239,62.8343846814241,55.0
2.962962962962963,55.179788816859094,62.81935301478814,55.0
2.982982982982983,55.23162089895442,62.82956004596178,55.0
3.003003003003003,55.249782436520874,62.81672517225025,55.0
3.023023023023023,55.21159325334449,62.809864833234606,55.0
3.043043043043043,55.16947971657128,62.81396456130459,55.0
3.063063063063063,55.03770964869785,62.81938047448451,55.0
3.083083083083083,55.16823173540576,62.84322947349578,55.0
3.103103103103103,54.931345651663754,62.81672528555724,55.0
3.123123123123123,54.96187568269387,62.86151133404922,55.0
3.143143143143143,54.867042469086684,62.85639755302565,55.0
3.163163163163163,54.97008796431224,62.87580496624447,55.0
3.183183183183183,54.91655082522306,62.85716073731506,55.0
3.203203203203203,54.94726714343905,62.86823456595134,55.0
3.2232232232232234,54.90990844968049,62.86329104607223,55.0
3.2432432432432434,54.903774887527966,62.871464948666286,55.0
3.2632632632632634,54.94836247792994,62.873948157739186,55.0
3.2832832832832834,54.765879614360344,62.86642310247276,55.0
3.3033033033033035,54.7140686323653,62.90346339859846,55.0
3.3233233233233235,54.72197339011713,62.917055476460625,55.0
3.3433433433433435,54.767806605406996,62.919489365083706,55.0
3.3633633633633635,54.80762646644802,62.91426418174087,55.0
3.3833833833833835,54.96210160487521,62.90959343284341,55.0
3.4034034034034035,54.96511084193124,62.88154664087477,55.0
3.4234234234234235,54.86125692211631,62.881478869169506,55.0
3.4434434434434436,54.97994366791687,62.90263619177308,55.0
3.4634634634634636,54.947002778892895,62.880960213518854,55.0
3.4834834834834836,54.8463660535092,62.887796981787595,55.0
3.5035035035035036,54.81053537156437,62.90856780426273,55.0
3.5235235235235236,54.84957946003807,62.917851640380576,55.0
3.5435435435435436,54.93707718273201,62.91273647956796,55.0
3.5635635635635636,54.95699990389527,62.897431202112585,55.0
3.5835835835835836,54.91507138440472,62.894348102646795,55.0
3.6036036036036037,54.9254575062978,62.903295069561686,55.0
3.6236236236236237,54.917409814152634,62.902418276562855,55.0
3.6436436436436437,55.06339131235343,62.90506451963159,55.0
3.6636636636636637,55.1530161553356,62.87716957572476,55.0
3.6836836836836837,55.10304708982027,62.85844460922781,55.0
3.7037037037037037,55.23236215024383,62.8662447829873,55.0
3.7237237237237237,55.023049676635516,62.839065170379094,55.0
3.7437437437437437,55.17561142385278,62.87746495950525,55.0
3.7637637637637638,55.22751030662948,62.84678001531516,55.0
3.7837837837837838,55.226528464262856,62.833990389376034,55.0
3.803803803803804,55.230314685962824,62.8309974571411,55.0
3.823823823823824,55.107350352841195,62.8270693728899,55.0
3.843843843843844,55.3579464633867,62.84831336516827,55.0
3.863863863863864,55.47705741684928,62.79693681796318,55.0
3.883883883883884,55.67313191217108,62.76821580224739,55.0
3.903903903903904,55.73197341518736,62.722508740562404,55.0
3.923923923923924,55.79907003126866,62.70136517680607,55.0
3.943943943943944,55.812543415479986,62.677754124214644,55.0
3.963963963963964,55.799173352007244,62.663874553324014,55.0
3.983983983983984,55.777969507855616,62.65514838851182,55.0
4.004004004004004,55.64043865359977,62.648168624094296,55.0
4.024024024024024,55.619621344872776,62.66463671586497,55.0
4.044044044044044,55.54656769294952,62.65980453576903,55.0
4.064064064064064,55.5370421604078,62.66565985406623,55.0
4.084084084084084,55.552257345435855,62.65989596122438,55.0
4.104104104104104,55.47701703647493,62.64934180981591,55.0
4.124124124124124,55.501750156050726,62.65657634353959,55.0
4.1441441441441444,55.56376507067208,62.64496918269963,55.0
4.1641641641641645,55.52245345123297,62.625595811893675,55.0
4.1841841841841845,55.56110233040821,62.62591679150266,55.0
4.2042042042042045,55.5315584628837,62.61090345293361,55.0
4.2242242242242245,55.42137074189638,62.60891980067753,55.0
4.2442442442442445,55.168919012184226,62.62339943357815,55.0
4.2642642642642645,54.97908303320058,62.66773577017092,55.0
4.2842842842842845,55.12731857426872,62.703148556948754,55.0
4.3043043043043046,55.03107936486366,62.6739407375671,55.0
4.324324324324325,55.00856362844506,62.69130944465228,55.0
4.344344344344345,55.135681078061126,62.69535484508068,55.0
4.364364364364365,55.19381713394032,62.66993668037233,55.0
4.384384384384385,55.23137986000326,62.65646535400348,55.0
4.404404404404405,55.1485224581591,62.64627368908119,55.0
4.424424424424425,55.15450699127258,62.65952091261232,55.0
4.444444444444445,55.22637099885057,62.65624851084537,55.0
4.464464464464465,55.34921010337232,62.639781303093194,55.0
4.484484484484485,55.28205804244219,62.61216223347417,55.0
4.504504504504505,55.29103424190586,62.620632599386695,55.0
4.524524524524525,55.32738156520401,62.61489344454129,55.0
4.544544544544545,55.22233502082025,62.603581259888436,55.0
4.564564564564565,55.299232174990856,62.61989906450185,55.0
4.584584584584585,55.57235031689092,62.60147964708652,55.0
4.604604604604605,55.67582359881882,62.54293186547317,55.0
4.624624624624625,55.63836639668418,62.51431830693166,55.0
4.644644644644645,55.66631692437909,62.51230181369737,55.0
4.664664664664665,55.615271049091746,62.497793191357786,55.0
4.684684684684685,55.446964126120484,62.49861426118156,55.0
4.704704704704705,55.3703007055149,62.52348728040403,55.0
4.724724724724725,55.24138528130262,62.53248061393957,55.0
4.744744744744745,55.1792037661759,62.55294719070388,55.0
4.764764764764765,55.220587476520535,62.561939406911776,55.0
4.784784784784785,55.20887384857481,62.55119210451074,55.0
4.804804804804805,55.15591811107368,62.55043196463961,55.0
4.824824824824825,55.06757277713401,62.55804373748369,55.0
4.844844844844845,55.05016270525959,62.573440658416814,55.0
4.864864864864865,54.82356033551923,62.5759585408591,55.0
4.884884884884885,54.68779029810966,62.62035260719172,55.0
4.904904904904905,54.767501173166885,62.649845375250095,55.0
4.924924924924925,54.950773634082736,62.63835710518199,55.0
4.944944944944945,54.910682438093076,62.605141558894374,55.0
4.964964964964965,54.855026771792694,62.61381012771672,55.0
4.984984984984985,54.86585435447859,62.626138082834046,55.0
5.005005005005005,54.753665151524785,62.62601489899341,55.0
5.025025025025025,54.758822444046004,62.650222041558536,55.0
5.045045045045045,54.6763498058662,62.65264780809112,55.0
5.065065065065065,54.77839292377703,62.6724408845106,55.0
5.085085085085085,54.802209282363776,62.65666851236889,55.0
5.105105105105105,54.81736551000563,62.65503432791914,55.0
5.125125125125125,54.73230401836858,62.65478986810762,55.0
5.145145145145145,54.94623287351228,62.67427773929855,55.0
5.165165165165165,54.85387237614455,62.635454394361055,55.0
5.185185185185185,54.87221740916582,62.65458892094262,55.0
5.205205205205205,54.88544877338792,62.65298583685239,55.0
5.225225225225225,54.94748055941757,62.652143356966356,55.0
5.245245245245245,55.003090038959016,62.641403484727206,55.0
5.265265265265265,55.06713825807664,62.631072427162756,55.0
5.285285285285285,55.224526380122896,62.618282630136434,55.0
5.305305305305305,55.06789248757949,62.58601931172032,55.0
5.325325325325325,55.1374675830286,62.61404513556846,55.0
5.345345345345345,55.1270335788975,62.59924727027534,55.0
5.365365365365365,54.97112677833129,62.59939731068468,55.0
5.385385385385385,54.96926696203738,62.62864469852252,55.0
5.405405405405405,55.015474158669015,62.62941945776161,55.0
5.425425425425425,55.09304926621539,62.62065427130831,55.0
5.445445445445445,55.12019866563184,62.60499888269149,55.0
5.465465465465465,55.116637260703044,62.59829177801482,55.0
5.485485485485485,55.36641835930207,62.59731608172059,55.0
5.505505505505505,55.32357844735468,62.545971586457526,55.0
5.525525525525525,55.29140255482228,62.54936233727193,55.0
5.545545545545545,55.246251352342654,62.55123115790343,55.0
5.565565565565565,55.26819687838668,62.55613316045946,55.0
5.585585585585585,55.35394746554361,62.548314723329085,55.0
5.605605605605605,55.29777055080026,62.5274906399627,55.0
5.625625625625625,55.410913798808814,62.53371040851834,55.0
5.645645645645645,55.356136509642106,62.50702035590171,55.0
5.665665665665665,55.264652651992805,62.512163252360516,55.0
5.685685685685685,55.27198669532558,62.525378920051764,55.0
5.7057057057057055,55.33805029575141,62.52021049667528,55.0
5.7257257257257255,55.315983322383964,62.5032512890144,55.0
5.7457457457457455,55.38489294753817,62.50290548437928,55.0
5.7657657657657655,55.35373740106696,62.484763308565064,55.0
5.7857857857857855,55.39551789830509,62.48556980376641,55.0
5.8058058058058055,55.561701276993205,62.47229761840771,55.0
5.8258258258258255,55.53054505034538,62.433682003782934,55.0
5.8458458458458455,55.50961513594252,62.43201083994217,55.0
5.865865865865866,55.525879764379,62.42874112044986,55.0
5.885885885885886,55.55200411256309,62.41836247780141,55.0
5.905905905905906,55.420327308535256,62.40579368001811,55.0
5.925925925925926,55.39338407893009,62.42426341597098,55.0
5.945945945945946,55.31333233861085,62.42373502345292,55.0
5.965965965965966,55.47116241955562,62.43415355162764,55.0
5.985985985985986,55.291842102104994,62.39835210990233,55.0
6.006006006006006,55.34269551020633,62.42743648932191,55.0
6.026026026026026,55.45293881364939,62.4132260691406,55.0
6.046046046046046,55.35333715948362,62.386483567121665,55.0
6.066066066066066,55.31859329498702,62.39995820123765,55.0
6.086086086086086,55.23408997294666,62.40192104526881,55.0
6.106106106106106,55.179304186025504,62.414273619684856,55.0
6.126126126126126,55.097373686820774,62.421896218889536,55.0
6.146146146146146,55.158926306751496,62.43568876503071,55.0
6.166166166166166,55.06061711799187,62.42207433485352,55.0
6.186186186186186,55.08373884655525,62.43941204563303,55.0
6.206206206206206,54.98420712327439,62.433961008479656,55.0
6.226226226226226,54.99328659223415,62.45259569888237,55.0
6.246246246246246,55.011251054190325,62.45101007891532,55.0
6.266266266266266,54.88698368388114,62.44752898102234,55.0
6.286286286286286,55.00024987369328,62.47210225676744,55.0
6.306306306306306,54.973893752625536,62.451144509918755,55.0
6.326326326326326,54.82602528332522,62.45638624563285,55.0
6.346346346346346,54.84422431103008,62.48617999657098,55.0
6.366366366366366,54.73649078201278,62.48499621913385,55.0
6.386386386386386,54.73114021862011,62.50861974387574,55.0
6.406406406406406,54.71591643052005,62.51337740284744,55.0
6.426426426426427,54.6978376975143,62.520174954769786,55.0
6.446446446446447,54.70616052308957,62.527754027117396,55.0
6.466466466466467,54.885093314851204,62.53033217493327,55.0
6.486486486486487,55.06570187273445,62.49883991235334,55.0
6.506506506506507,55.05164961702803,62.4645065821797,55.0
6.526526526526527,54.96204428374651,62.46638243102854,55.0
6.546546546546547,55.12566295383083,62.48349132962511,55.0
6.566566566566567,55.16967672871525,62.45146083326348,55.0
6.586586586586587,55.21129731507376,62.4409404328558,55.0
6.606606606606607,55.14519085370862,62.43027950084492,55.0
6.626626626626627,55.13974253749695,62.44047448953888,55.0
6.646646646646647,55.14097802313535,62.4395240741592,55.0
6.666666666666667,55.12089144418177,62.43731984132421,55.0
6.686686686686687,55.199660903955206,62.439341684037686,55.0
6.706706706706707,55.4098495838522,62.421971283273514,55.0
6.726726726726727,55.451649822413344,62.377342739680834,55.0
6.746746746746747,55.426878615842774,62.36328026860629,55.0
6.766766766766767,55.44178628460544,62.36188065891714,55.0
6.786786786786787,55.639750777823785,62.352931541012396,55.0
6.806806806806807,55.52950863339042,62.3073426334011,55.0
6.826826826826827,55.48874239286548,62.32031688871239,55.0
6.846846846846847,55.55013559849967,62.32100940046665,55.0
6.866866866866867,55.677052144486815,62.30194204943734,55.0
6.886886886886887,55.48463765381981,62.26897427018866,55.0
6.906906906906907,55.45385468560064,62.2977792320897,55.0
6.926926926926927,55.392163853759044,62.29711375528592,55.0
6.946946946946947,55.350036826617824,62.303030769434244,55.0
6.966966966966967,55.290434453972665,62.30591884846173,55.0
6.986986986986987,55.1493163922462,62.312875134892955,55.0
7.007007007007007,55.072945423097856,62.336889454298884,55.0
7.027027027027027,54.9261966684601,62.34999582540977,55.0
7.047047047047047,54.949356656065184,62.37817862594024,55.0
7.067067067067067,54.96659873339551,62.374603744764926,55.0
7.087087087087087,54.9815131269361,62.3718820462771,55.0
7.107107107107107,54.77561490529699,62.369381958770276,55.0
7.127127127127127,54.92616824050467,62.410617665635215,55.0
7.147147147147147,54.796984405154625,62.38379997793403,55.0
7.167167167167167,54.86497572750863,62.41054405086502,55.0
7.187187187187187,54.96137882885083,62.39985788827645,55.0
7.207207207207207,54.958638873499055,62.38256455216187,55.0
7.227227227227227,54.86972377886498,62.383651079308365,55.0
7.247247247247247,54.66232597958886,62.401926064604346,55.0
7.267267267267267,54.55426079188015,62.445026825924636,55.0
7.287287287287287,54.38765770403814,62.47126548115993,55.0
7.307307307307307,54.580804564047696,62.51066842592768,55.0
7.327327327327327,54.520650073593465,62.480810867539965,55.0
7.347347347347347,54.43273790617302,62.498657064860275,55.0
7.367367367367367,54.34313579130229,62.52287043476557,55.0
7.387387387387387,54.59261450624685,62.54865213024265,55.0
7.407407407407407,54.574390740216884,62.508207673996466,55.0
7.4274274274274275,54.52953265678069,62.51754356484311,55.0
7.4474474474474475,54.54329554085679,62.532435446219814,55.0
7.4674674674674675,54.69369383243481,62.53628957535643,55.0
7.4874874874874875,54.74425314621429,62.512758470339335,55.0
7.5075075075075075,54.76581237531434,62.50698903728312,55.0
7.5275275275275275,54.764593170487444,62.506282488553865,55.0
7.5475475475475475,54.69003607548844,62.50980703605462,55.0
7.5675675675675675,54.67552000860503,62.52794393741137,55.0
7.587587587587588,54.57045708816373,62.53517667693148,55.0
7.607607607607608,54.78714547225577,62.56063293759921,55.0
7.627627627627628,54.74323957039235,62.52352853287694,55.0
7.647647647647648,54.62633012895763,62.53524936898044,55.0
7.667667667667668,54.667607839926625,62.562114230455265,55.0
7.687687687687688,54.604406914790495,62.55913600231543,55.0
7.707707707707708,54.61595976614858,62.57637202050558,55.0
7.727727727727728,54.54702011633084,62.579616688223474,55.0
7.747747747747748,54.627184053382585,62.59871858987756,55.0
7.767767767767768,54.59411564576623,62.58911290942354,55.0
7.787787787787788,54.71027766224802,62.600918633860864,55.0
7.807807807807808,54.669509623260815,62.58348883371317,55.0
7.827827827827828,54.753986464538755,62.59566241769692,55.0
7.847847847847848,54.66105281768336,62.58348183919409,55.0
7.867867867867868,54.60319368034778,62.605424574425335,55.0
7.887887887887888,54.57979833618351,62.62168936415687,55.0
7.907907907907908,54.49453691654091,62.63190621483271,55.0
7.927927927927928,54.47059589986244,62.65476314420175,55.0
7.947947947947948,54.572828294052414,62.66661130876567,55.0
7.967967967967968,54.59428060755934,62.65368470611406,55.0
7.987987987987988,54.753811145251355,62.6554017853667,55.0
8.008008008008009,54.75624230066748,62.62933872995423,55.0
8.028028028028029,54.701030544523945,62.632304990016706,55.0
8.048048048048049,54.59593644933282,62.64670892704206,55.0
8.068068068068069,54.6514561364834,62.67181388691402,55.0
8.088088088088089,54.62832520750668,62.66642724337899,55.0
8.108108108108109,54.74592300600367,62.67591512099033,55.0
8.128128128128129,54.91472597821415,62.6577201668229,55.0
8.148148148148149,54.99490447930414,62.6276866483003,55.0
8.168168168168169,54.99335047988187,62.61292503429709,55.0
8.188188188188189,54.88490157414143,62.61330571065833,55.0
8.208208208208209,54.75552764042261,62.63498174917328,55.0
8.228228228228229,54.7180783946644,62.66234196598441,55.0
8.248248248248249,54.628989308231645,62.6732209297777,55.0
8.268268268268269,54.75432293377995,62.694901759801546,55.0
8.288288288288289,54.81183967511267,62.67515796092403,55.0
8.308308308308309,54.844683132563404,62.667154245207335,55.0
8.328328328328329,54.91441534410253,62.66325481833582,55.0
8.348348348348349,54.99586268846803,62.65155374376822,55.0
8.368368368368369,54.99930074992214,62.63654396540238,55.0
8.388388388388389,54.947977580318636,62.63591772333377,55.0
8.408408408408409,54.98502422957105,62.64614155262887,55.0
8.428428428428429,55.03991470414725,62.63949779317383,55.0
8.448448448448449,55.01100897924711,62.628783690153945,55.0
8.468468468468469,54.89245645975688,62.63397696927102,55.0
8.488488488488489,54.91134770446195,62.6574163020568,55.0
8.508508508508509,54.81175120617385,62.65516379629841,55.0
8.528528528528529,54.87895167504608,62.676227269716506,55.0
8.548548548548549,54.898356907086665,62.66549155589742,55.0
8.568568568568569,54.830711719261224,62.66332601569842,55.0
8.588588588588589,54.69313467193844,62.678212783784815,55.0
8.608608608608609,54.65599874629196,62.7079649525474,55.0
8.62862862862863,54.64188517666053,62.719655937182296,55.0
8.64864864864865,54.65924606264534,62.72728557371702,55.0
8.66866866866867,54.57788129802956,62.72884914026324,55.0
8.68868868868869,54.544817383746995,62.74981719912215,55.0
8.70870870870871,54.52886419854839,62.76231295882753,55.0
8.72872872872873,54.50247460366712,62.77186680181332,55.0
8.74874874874875,54.43438542299823,62.78372120474289,55.0
8.76876876876877,54.395123180767236,62.804244233775265,55.0
8.78878878878879,54.1496929835705,62.819984500809475,55.0
8.80880880880881,54.31127145918243,62.87730530173533,55.0
8.82882882882883,54.14208641613763,62.85706513516999,55.0
8.84884884884885,54.02304491780651,62.90038718112034,55.0
8.86886886886887,54.17935762102612,62.93610092052452,55.0
8.88888888888889,54.02783027001755,62.91868356422832,55.0
8.90890890890891,54.13794465819229,62.96034012438487,55.0
8.92892892892893,54.225235365902165,62.952049818213496,55.0
8.94894894894895,54.23109544364888,62.94675859972698,55.0
8.96896896896897,54.32790324718813,62.95644992457198,55.0
8.98898898898899,54.26128357430247,62.94795925422989,55.0
9.00900900900901,54.32778693346327,62.97063627605585,55.0
9.02902902902903,54.39440162833012,62.96775355794595,55.0
9.04904904904905,54.37693626600758,62.96391670346303,55.0
9.06906906906907,54.428530583918175,62.97587941939249,55.0
9.08908908908909,54.41551427757452,62.97434305098458,55.0
9.10910910910911,54.29408015295615,62.984942058763224,55.0
9.12912912912913,54.29781053752798,63.017300142446864,55.0
9.14914914914915,54.439293706507655,63.02645051426865,55.0
9.16916916916917,54.42038132249492,63.008133873862164,55.0
9.18918918918919,54.43645615743607,63.01975544917386,55.0
9.20920920920921,54.60040028345298,63.02467911601695,55.0
9.22922922922923,54.617998498198595,62.999949448731506,55.0
9.24924924924925,54.4684718450092,63.00204715340318,55.0
9.26926926926927,54.5939569480961,63.03715842725611,55.0
9.28928928928929,54.52736985937773,63.01963397620471,55.0
9.30930930930931,54.52130227778501,63.03857603303174,55.0
9.32932932932933,54.30364208788451,63.04640701221398,55.0
9.34934934934935,54.38064840998568,63.09643291688473,55.0
9.36936936936937,54.47766106551513,63.09086634915808,55.0
9.38938938938939,54.454161493852396,63.08023907303307,55.0
9.40940940940941,54.51543938746805,63.09223588226522,55.0
9.42942942942943,54.53570351001052,63.08769011116098,55.0
9.44944944944945,54.56236951880924,63.090447906007995,55.0
9.46946946946947,54.53246118486845,63.091647654076596,55.0
9.48948948948949,54.54914046573036,63.10373279136299,55.0
9.50950950950951,54.59816217530354,63.106965476235146,55.0
9.52952952952953,54.70177722621004,63.10352782087077,55.0
9.54954954954955,54.575520006526936,63.08853833458425,55.0
9.56956956956957,54.66100094143473,63.11784458880283,55.0
9.58958958958959,54.704163991025055,63.10678135340236,55.0
9.60960960960961,54.73415146221575,63.10294203920378,55.0
9.62962962962963,54.68684810982842,63.101119962167616,55.0
9.64964964964965,54.638810443706866,63.11425959733665,55.0
9.66966966966967,54.52749678544291,63.12820828107274,55.0
9.68968968968969,54.63509609195573,63.15542297452204,55.0
9.70970970970971,54.74629284613064,63.14063087129827,55.0
9.72972972972973,54.75303137880198,63.123614927385695,55.0
9.74974974974975,54.696496795212425,63.125829320559994,55.0
9.76976976976977,54.738480650902794,63.14054151668925,55.0
9.78978978978979,54.75224975365954,63.13643943920971,55.0
9.80980980980981,54.80221278461557,63.1373641306239,55.0
9.82982982982983,54.967243397015736,63.13089276270523,55.0
9.84984984984985,55.072368598178045,63.10082115090448,55.0
9.86986986986987,55.08315365693697,63.0803588141404,55.0
9.88988988988989,55.13975465139018,63.07719826175638,55.0
9.90990990990991,55.11453634986008,63.06476855413943,55.0
9.92992992992993,55.11651311420904,63.06782882591043,55.0
9.94994994994995,55.06375502710848,63.06583030809053,55.0
9.96996996996997,55.00134169251848,63.07469709036077,55.0
9.98998998998999,55.03061755251533,63.08622475476217,55.0
10.01001001001001,54.99573337966687,62.08530957578267,50.0
10.03003003003003,55.025623648520025,62.0217528701667,50.0
10.05005005005005,55.14460401923364,61.945794010189346,50.0
10.07007007007007,55.2881669992704,61.851686088785236,50.0
10.09009009009009,55.25355477532064,61.75101849104221,50.0
10.11011011011011,55.09133905736715,61.68379836222818,50.0
10.13013013013013,55.17659235411782,61.642458173149535,50.0
10.15015015015015,54.91306580539963,61.55414147545522,50.0
10.17017017017017,54.906607029818794,61.53404211391943,50.0
10.19019019019019,55.02248696020029,61.46647572772475,50.0
10.21021021021021,54.90433694630819,61.37465273795872,50.0
10.23023023023023,54.942387990808136,61.327781043833745,50.0
10.25025025025025,54.98245913058329,61.25147890603539,50.0
10.27027027027027,54.924991158087245,61.17424149309674,50.0
10.29029029029029,54.82214699807317,61.11585417290017,50.0
10.31031031031031,54.67340361626764,61.06730270689414,50.0
10.33033033033033,54.60005979785805,61.029327088756645,50.0
10.35035035035035,54.478981778787016,60.97843039268994,50.0
10.37037037037037,54.485556266267146,60.93806131280165,50.0
10.39039039039039,54.5993626124124,60.8739843842417,50.0
10.41041041041041,54.72153671632396,60.78847467809896,50.0
10.43043043043043,54.55630130537222,60.69970478716507,50.0
10.45045045045045,54.4147022473292,60.666421267845585,50.0
10.47047047047047,54.29873282715454,60.63074939442177,50.0
10.49049049049049,54.303528657352814,60.591961235071835,50.0
10.51051051051051,54.488129448488046,60.5307642955713,50.0
10.53053053053053,54.64312248986507,60.43371644022347,50.0
10.55055055055055,54.529020327744085,60.33997394392697,50.0
10.57057057057057,54.4815060536113,60.297613089576586,50.0
10.59059059059059,54.32076306204306,60.24359934165195,50.0
10.61061061061061,54.39957382511891,60.212785560989374,50.0
10.63063063063063,54.382748825850875,60.136549880579445,50.0
10.65065065065065,54.31520802805087,60.078242601978644,50.0
10.67067067067067,54.37533468032008,60.03026426379315,50.0
10.69069069069069,54.29103920338947,59.95782483159734,50.0
10.71071071071071,54.491258310917935,59.913284811298524,50.0
10.73073073073073,54.46447420508232,59.81330371949599,50.0
10.75075075075075,54.35935389779878,59.75569357500036,50.0
10.77077077077077,54.26279133973881,59.71404878523201,50.0
10.79079079079079,54.279435911142215,59.672174040899186,50.0
10.81081081081081,54.304618496005695,59.609122720358734,50.0
10.83083083083083,54.22060550882396,59.54413895823099,50.0
10.85085085085085,54.10080167792572,59.50053373611132,50.0
10.87087087087087,54.05064143695355,59.46522875264436,50.0
10.89089089089089,54.10932713359585,59.417742651360996,50.0
10.91091091091091,54.014249996993215,59.34929762944378,50.0
10.93093093093093,54.109778153936716,59.31063114400166,50.0
10.95095095095095,54.03573345794497,59.235363946323346,50.0
10.97097097097097,53.96143075567102,59.19250538984535,50.0
10.99099099099099,54.00963193848094,59.15073584364052,50.0
11.01101101101101,53.95476351980914,59.08562758664377,50.0
11.03103103103103,53.85102882675839,59.04035613270933,50.0
11.05105105105105,53.79054837905804,59.00557867897715,50.0
11.07107107107107,53.7860478661224,58.9636467636968,50.0
11.09109109109109,53.776718781381255,58.911421630736335,50.0
11.11111111111111,53.73293954061511,58.86022052148417,50.0
11.13113113113113,53.67873485063291,58.81600621399027,50.0
11.15115115115115,53.56916427922898,58.774480239886365,50.0
11.17117117117117,53.538994804101726,58.74473247736865,50.0
11.19119119119119,53.64525554686856,58.70071830748699,50.0
11.21121121121121,53.608542629182594,58.629975407756646,50.0
11.23123123123123,53.61627145077161,58.586197130553025,50.0
11.25125125125125,53.5302569820227,58.534088819769465,50.0
11.27127127127127,53.4535646641207,58.500528425668875,50.0
11.29129129129129,53.458902471149486,58.46631820087945,50.0
11.31131131131131,53.4518045848488,58.41685759887533,50.0
11.33133133133133,53.26846116904816,58.369797070015245,50.0
11.35135135135135,53.01228551471799,58.357911341311066,50.0
11.37137137137137,52.8728159549176,58.363089625944674,50.0
11.391391391391391,52.86698512750318,58.34863181145585,50.0
11.411411411411411,52.83453929769356,58.30953254477272,50.0
11.431431431431431,52.885641885631514,58.275811749846355,50.0
11.451451451451451,52.79306449799677,58.22591834525316,50.0
11.471471471471471,52.90069509024805,58.203903116948624,50.0
11.491491491491491,53.04677994324594,58.14334107573702,50.0
11.511511511511511,53.1025266685523,58.07361776111014,50.0
11.531531531531531,53.0499364647813,58.019825764716515,50.0
11.551551551551551,52.958794134839664,57.98681310005485,50.0
11.571571571571571,53.10953757300251,57.96220984862383,50.0
11.591591591591591,53.04362834187727,57.89074520943855,50.0
11.611611611611611,52.94768775927107,57.8602849669602,50.0
11.631631631631631,52.86387281806671,57.836725037174986,50.0
11.651651651651651,52.73294395705752,57.81209644749105,50.0
11.671671671671671,52.81572458318209,57.79801877186403,50.0
11.691691691691691,52.778662124979064,57.74324475226267,50.0
11.711711711711711,52.84224429415277,57.71116109707056,50.0
11.731731731731731,52.90981996101222,57.659567144403916,50.0
11.751751751751751,52.78777669695046,57.60628738832303,50.0
11.771771771771771,52.73569197498724,57.58979745047546,50.0
11.791791791791791,52.69665907672142,57.561095098363154,50.0
11.811811811811811,52.63271092634844,57.53052516645015,50.0
11.831831831831831,52.662321733596755,57.50546072645244,50.0
11.851851851851851,52.54659502476848,57.46267291302707,50.0
11.871871871871871,52.560048306045,57.44839433579517,50.0
11.891891891891891,52.35923073038507,57.410028925921544,50.0
11.911911911911911,52.33964058061647,57.414117884900726,50.0
11.931931931931931,52.39046399424535,57.3849543067234,50.0
11.951951951951951,52.46001681867928,57.3420519792867,50.0
11.971971971971971,52.39051849355059,57.29470999659475,50.0
11.991991991991991,52.50510056261634,57.274066427074175,50.0
12.012012012012011,52.4140829126116,57.217762229905986,50.0
12.032032032032031,52.43940896110889,57.200769503388535,50.0
12.052052052052051,52.38732012085535,57.16189827304964,50.0
12.072072072072071,52.27030438579591,57.13807877086694,50.0
12.092092092092091,52.075631619572405,57.12791060437432,50.0
12.112112112112111,51.92091083642639,57.134837135521046,50.0
12.132132132132131,52.01542588881321,57.13654080902171,50.0
12.152152152152151,51.96224592081584,57.09081131768012,50.0
12.172172172172171,51.84215644554885,57.073150669926385,50.0
12.192192192192191,51.660946726388794,57.069551216606854,50.0
12.212212212212211,51.67605149691492,57.07979848395132,50.0
12.232232232232231,51.665147273931396,57.05351589223801,50.0
12.252252252252251,51.54391268816987,57.032197776257696,50.0
12.272272272272271,51.46638487118695,57.03298976057515,50.0
12.292292292292291,51.46232702503599,57.02678246858225,50.0
12.312312312312311,51.37307827422907,57.00704009869824,50.0
12.332332332332332,51.32987212078728,57.00430877942014,50.0
12.352352352352352,51.18784866872709,56.99366507126932,50.0
12.372372372372372,50.94986780534817,57.003292882010385,50.0
12.392392392392392,51.281007391551725,57.03400788099988,50.0
12.412412412412412,51.29215269115084,56.954795002014954,50.0
12.432432432432432,51.2746714111651,56.93462487566709,50.0
12.452452452452452,51.20730560217139,56.91999564944512,50.0
12.472472472472472,51.32101694247605,56.91553912648093,50.0
12.492492492492492,51.33307856433678,56.87598977857996,50.0
12.512512512512512,50.998888431853885,56.85507659685332,50.0
12.532532532532532,51.02824536452085,56.90290333488023,50.0
12.552552552552552,50.7600477225638,56.8830624573886,50.0
12.572572572572572,50.698222469028735,56.92202770171533,50.0
12.592592592592592,50.882946620270815,56.92368047415344,50.0
12.612612612612612,50.87851446326484,56.87713287986356,50.0
12.632632632632632,50.83734450668003,56.865641314909965,50.0
12.652652652652652,50.74588434568112,56.86152319922697,50.0
12.672672672672672,50.510167205290514,56.86799049533857,50.0
12.692692692692692,50.689507235969806,56.9044486759464,50.0
12.712712712712712,50.566569387140625,56.86160800620308,50.0
12.732732732732732,50.38806915635504,56.87641159690518,50.0
12.752752752752752,50.43912965761999,56.90399573300495,50.0
12.772772772772772,50.5470724462821,56.888395571095074,50.0
12.792792792792792,50.553591957225635,56.8607594742637,50.0
12.812812812812812,50.55907514595346,56.85179531929254,50.0
12.832832832832834,50.55376264209164,56.842946042447615,50.0
12.852852852852854,50.69004946053245,56.83616841823534,50.0
12.872872872872874,50.63270285938406,56.80128499401353,50.0
12.892892892892894,50.67267210289572,56.80302740848787,50.0
12.912912912912914,50.634607272100396,56.7862062621614,50.0
12.932932932932934,50.645672331705356,56.78435486065392,50.0
12.952952952952954,50.557767877104695,56.77325936352202,50.0
12.972972972972974,50.53679467384563,56.781705120776834,50.0
12.992992992992994,50.56427793348608,56.77806251529784,50.0
13.013013013013014,50.55969953635421,56.765070313396684,50.0
13.033033033033034,50.62443779188208,56.75807367971997,50.0
13.053053053053054,50.54240621131903,56.737346222481,50.0
13.073073073073074,50.4782119761057,56.74492077663846,50.0
13.093093093093094,50.40231562808499,56.75009504081811,50.0
13.113113113113114,50.337805425358816,56.75849780835189,50.0
13.133133133133134,50.26355478963659,56.765698185891246,50.0
13.153153153153154,50.28959559243799,56.775741092984426,50.0
13.173173173173174,50.26221424952261,56.76686514777534,50.0
13.193193193193194,50.382417088264674,56.768256022047204,50.0
13.213213213213214,50.555755810108536,56.740659298445784,50.0
13.233233233233234,50.28201078651397,56.700803265193436,50.0
13.253253253253254,50.20247843173614,56.747493991444124,50.0
13.273273273273274,50.062673783282605,56.759369941498136,50.0
13.293293293293294,49.93920608867015,56.784355490184815,50.0
13.313313313313314,50.08693349499073,56.80804898041346,50.0
13.333333333333334,50.145653436182876,56.77950112302707,50.0
13.353353353353354,50.140627970007564,56.766596744610666,50.0
13.373373373373374,50.225734863450455,56.76555569351065,50.0
13.393393393393394,50.288570700264074,56.746647466683875,50.0
13.413413413413414,50.20329128843407,56.730978803035825,50.0
13.433433433433434,50.264607095470026,56.74390656725933,50.0
13.453453453453454,50.25924189047977,56.72885493541356,50.0
13.473473473473474,50.21060584521609,56.72621447885055,50.0
13.493493493493494,50.13772408587994,56.732260713958034,50.0
13.513513513513514,50.14144441687977,56.74381377216563,50.0
13.533533533533534,50.0673363862388,56.74114330689031,50.0
13.553553553553554,50.23617055203489,56.753909639498474,50.0
13.573573573573574,50.26623409814945,56.719365621400286,50.0
13.593593593593594,50.10807541033491,56.71007285698662,50.0
13.613613613613614,50.11624562247846,56.7378176439173,50.0
13.633633633633634,50.26625398326277,56.73467708688827,50.0
13.653653653653654,50.3183096580446,56.70319425309043,50.0
13.673673673673674,50.1317758047806,56.68910315724717,50.0
13.693693693693694,50.19843315843736,56.7217652121261,50.0
13.713713713713714,50.065505467877756,56.70665275663641,50.0
13.733733733733734,50.02878554758503,56.7303263848451,50.0
13.753753753753754,50.05471621191312,56.73671616903199,50.0
13.773773773773774,49.990037522079454,56.73115220237076,50.0
13.793793793793794,49.69476712230162,56.74325737429518,50.0
13.813813813813814,49.66427833413806,56.80215993607968,50.0
13.833833833833834,49.63037260693569,56.81250517002013,50.0
13.853853853853854,49.551464702404225,56.82395769301893,50.0
13.873873873873874,49.60566386963577,56.84484143530354,50.0
13.893893893893894,49.51822327922052,56.84034082142286,50.0
13.913913913913914,49.33682962047645,56.86326895636631,50.0
13.933933933933934,49.36245611538798,56.90612046222628,50.0
13.953953953953954,49.339310422769294,56.91031410960116,50.0
13.973973973973974,49.277562720773744,56.92385497572984,50.0
13.993993993993994,49.389938396290525,56.94540254675434,50.0
14.014014014014014,49.37457356112363,56.93316245864752,50.0
14.034034034034034,49.2571760498231,56.944769688032544,50.0
14.054054054054054,49.23745746347678,56.97689817287087,50.0
14.074074074074074,49.35793802584743,56.991232393138056,50.0
14.094094094094094,49.329827916705405,56.97794135460312,50.0
14.114114114114114,49.492054603122256,56.99253352576149,50.0
14.134134134134134,49.46743197018873,56.969639942684566,50.0
14.154154154154154,49.41281746198329,56.981658545610465,50.0
14.174174174174174,49.36072627147515,56.99999101394502,50.0
14.194194194194194,49.38623252118778,57.018586675179364,50.0
14.214214214214214,49.373304303023005,57.02246936503195,50.0
14.234234234234235,49.44778724955241,57.033643607672396,50.0
14.254254254254255,49.348357103162954,57.027602979787936,50.0
14.274274274274275,49.45493049264861,57.0551296895584,50.0
14.294294294294295,49.576822108431855,57.04305222421819,50.0
14.314314314314315,49.543586420135235,57.02643269620114,50.0
14.334334334334335,49.67525941861435,57.03897748484043,50.0
14.354354354354355,49.58607933727071,57.01916889918025,50.0
14.374374374374375,49.717741564532986,57.041467904197,50.0
14.394394394394395,49.639485196135226,57.02106596582368,50.0
14.414414414414415,49.83121655976739,57.0405956534909,50.0
14.434434434434435,49.911815776460905,57.0074906847157,50.0
14.454454454454455,49.964334457168455,56.99381564457189,50.0
14.474474474474475,50.10476179001834,56.984599506058046,50.0
14.494494494494495,50.04591234935488,56.95715231628737,50.0
14.514514514514515,50.0717807636437,56.967396046502834,50.0
14.534534534534535,50.097883249997096,56.96160445323176,50.0
14.554554554554555,50.17066600968754,56.95540375601919,50.0
14.574574574574575,50.232440923693105,56.939547229624985,50.0
14.594594594594595,50.13995222291456,56.92486144017189,50.0
14.614614614614615,50.09759523269343,56.94001055740271,50.0
14.634634634634635,49.90310202147385,56.946478899634954,50.0
14.654654654654655,49.91022952715415,56.98381807333957,50.0
14.674674674674675,49.773579053384566,56.983757529453214,50.0
14.694694694694695,49.6279492705962,57.012210933419524,50.0
14.714714714714715,49.70086309826176,57.04436636737116,50.0
14.734734734734735,49.78241998816336,57.0350694179861,50.0
14.754754754754755,49.91923999217065,57.02303056268936,50.0
14.774774774774775,50.14474429976518,56.998850633829505,50.0
14.794794794794795,50.09655257971043,56.95510388827916,50.0
14.814814814814815,50.14599585000057,56.962666267284135,50.0
14.834834834834835,50.183580046251485,56.95147327439257,50.0
14.854854854854855,50.134300313931966,56.94194750474528,50.0
14.874874874874875,50.10712153509558,56.94918216874286,50.0
14.894894894894895,50.08546110793056,56.95270904013356,50.0
14.914914914914915,50.20324384505158,56.9555185659949,50.0
14.934934934934935,50.34309125626069,56.9308804975347,50.0
14.954954954954955,50.42436766558365,56.90020064078769,50.0
14.974974974974975,50.399782875210015,56.879217410650355,50.0
14.994994994994995,50.43467723691564,56.87816303405373,50.0
15.015015015015015,50.25162372086935,56.86561600424848,50.0
15.035035035035035,50.27053318071277,56.895954646366526,50.0
15.055055055055055,50.38829582313235,56.88866514050973,50.0
15.075075075075075,50.41565818656522,56.861437468555145,50.0
15.095095095095095,50.50169210626698,56.8505503916685,50.0
15.115115115115115,50.546893299407294,56.82760339631573,50.0
15.135135135135135,50.483533312904115,56.81157700522271,50.0
15.155155155155155,50.503199463196616,56.816522360102525,50.0
15.175175175175175,50.34506932064845,56.805832277969316,50.0
15.195195195195195,50.4120519493919,56.83025054804536,50.0
15.215215215215215,50.31745684947136,56.81208425993454,50.0
15.235235235235235,50.33722500781172,56.8251355086825,50.0
15.255255255255255,50.15136051489647,56.81675252340419,50.0
15.275275275275275,49.96249718605993,56.84901628621658,50.0
15.295295295295295,49.89942178624218,56.88448156701147,50.0
15.315315315315315,49.82285650187202,56.897560020474856,50.0
15.335335335335335,49.993890569177175,56.9142070895486,50.0
15.355355355355355,49.95368242657763,56.882651404746305,50.0
15.375375375375375,49.89134285613571,56.890739006250264,50.0
15.395395395395395,49.80441316786449,56.90379454951886,50.0
15.415415415415415,49.77599351109592,56.92261749845553,50.0
15.435435435435435,49.91826547379602,56.931014365032446,50.0
15.455455455455455,50.038186221722604,56.905839480728574,50.0
15.475475475475475,50.14120928210839,56.88311900011579,50.0
15.495495495495495,50.16499309288317,56.862080825086046,50.0
15.515515515515515,49.99389826505823,56.85536860457683,50.0
15.535535535535535,50.13253300227732,56.88710665752343,50.0
15.555555555555555,50.16265765215297,56.85960191178667,50.0
15.575575575575575,50.212243248180584,56.85174936494291,50.0
15.595595595595595,50.12850482005615,56.839601649823415,50.0
15.615615615615615,50.15484451983697,56.85329239067731,50.0
15.635635635635635,49.99819117853079,56.846249552946865,50.0
15.655655655655655,49.95683141603314,56.87525576993793,50.0
15.675675675675675,49.95735816206332,56.883512291140676,50.0
15.695695695695695,49.989028660729474,56.88401242643952,50.0
15.715715715715715,49.973665093026476,56.87830713668857,50.0
15.735735735735735,50.20133939182282,56.881518454469,50.0
15.755755755755755,50.25899039057861,56.8365771361331,50.0
15.775775775775776,50.43510744385094,56.822282206400224,50.0
15.795795795795796,50.563868718836474,56.783602949729115,50.0
15.815815815815816,50.59164051138054,56.75188004972895,50.0
15.835835835835836,50.62911578234387,56.738451009690564,50.0
15.855855855855856,50.570135639023455,56.72270164717214,50.0
15.875875875875876,50.489391183429674,56.72562308485124,50.0
15.895895895895896,50.5836470209988,56.733702474233176,50.0
15.915915915915916,50.38956234305887,56.70808590675138,50.0
15.935935935935936,50.16811551002174,56.738532240035305,50.0
15.955955955955956,50.28139132671629,56.77714393103376,50.0
15.975975975975976,50.34724036682289,56.75224448294925,50.0
15.995995995995996,50.221413910519686,56.735196179162635,50.0
16.016016016016017,50.196487825235465,56.75537117593381,50.0
16.036036036036037,50.17690767246444,56.75722891857496,50.0
16.056056056056057,50.128064515825024,56.758372060236496,50.0
16.076076076076077,50.05266588195734,56.76561334629532,50.0
16.096096096096097,50.078868377635665,56.77882403315303,50.0
16.116116116116117,49.88852526866804,56.77287130890309,50.0
16.136136136136138,49.827257224243404,56.809646992509194,50.0
16.156156156156158,49.83757680393894,56.82340240040803,50.0
16.176176176176178,49.80745206365568,56.823769479110155,50.0
16.196196196196198,49.96824887410299,56.83204092554086,50.0
16.216216216216218,50.03397635786769,56.80273847633139,50.0
16.236236236236238,50.030941757849334,56.79010274667961,50.0
16.256256256256258,50.14963964145104,56.79023052945489,50.0
16.276276276276278,49.99631756365199,56.76617436895623,50.0
16.296296296296298,49.88585137615838,56.79459055906364,50.0
16.316316316316318,49.73294360598433,56.81662648416416,50.0
16.336336336336338,49.66674727912283,56.84865695369462,50.0
16.356356356356358,49.63678831181514,56.86557348246459,50.0
16.376376376376378,49.55540737189906,56.876205945104786,50.0
16.396396396396398,49.52057820585615,56.89749194630999,50.0
16.416416416416418,49.44819770235338,56.91065396576968,50.0
16.436436436436438,49.43958540274516,56.931777324049875,50.0
16.456456456456458,49.49456006653775,56.941224257496984,50.0
16.476476476476478,49.56834527934947,56.93813718700615,50.0
16.496496496496498,49.58094102123519,56.930536137940386,50.0
16.516516516516518,49.72889746324698,56.934078624092635,50.0
16.536536536536538,49.77366388127281,56.91050591706975,50.0
16.556556556556558,49.60714722906861,56.90539600727469,50.0
16.576576576576578,49.699914556955044,56.94170703216974,50.0
16.596596596596598,49.58314031428437,56.92875047811498,50.0
16.616616616616618,49.66227315859478,56.95619559048656,50.0
16.636636636636638,49.70096814968672,56.946288922977494,50.0
16.656656656656658,49.880295036246636,56.943320986166405,50.0
16.676676676676678,49.87815758363183,56.911823059192415,50.0
16.696696696696698,49.7599976077318,56.91392598925663,50.0
16.716716716716718,49.87927608369897,56.939148981686785,50.0
16.736736736736738,50.018345071576874,56.91877429028773,50.0
16.756756756756758,49.935749056680905,56.89278943944016,50.0
16.776776776776778,49.86905648370835,56.90897011581599,50.0
16.796796796796798,49.895584650865054,56.92314328608827,50.0
16.816816816816818,49.930885965297975,56.919698853330324,50.0
16.836836836836838,49.92650557240988,56.91413667521112,50.0
16.856856856856858,50.03616751124538,56.91597699983362,50.0
16.876876876876878,50.048665612399894,56.895182689139595,50.0
16.896896896896898,50.020491029779734,56.89218853985185,50.0
16.916916916916918,49.889381194983315,56.89711367605808,50.0
16.936936936936938,49.6928606114818,56.92291920897914,50.0
16.956956956956958,49.67441585514631,56.96357977262188,50.0
16.976976976976978,49.618441548761844,56.97155479331266,50.0
16.996996996996998,49.656598371022355,56.9872572054766,50.0
17.017017017017018,49.94511050189509,56.98501062859934,50.0
17.037037037037038,49.89890244314474,56.932405106583545,50.0
17.057057057057058,49.85588470553865,56.942370380030916,50.0
17.077077077077078,49.797863042204604,56.95234829524426,50.0
17.097097097097098,49.86386401333492,56.96591505312036,50.0
17.117117117117118,49.98957816349198,56.95561268508619,50.0
17.137137137137138,49.88989128624916,56.93250161907001,50.0
17.157157157157158,49.93290492749542,56.9524867564175,50.0
17.177177177177178,50.04534601560208,56.94546950407329,50.0
17.197197197197198,50.11065212423327,56.924032423075424,50.0
17.217217217217218,49.969394747146254,56.91040011255897,50.0
17.237237237237238,49.62876619755886,56.936961629762465,50.0
17.25725725725726,49.5458267999231,57.00518038714602,50.0
17.27727727727728,49.56999587565377,57.02688896529931,50.0
17.2972972972973,49.703306950595874,57.028443770113796,50.0
17.31731731731732,49.66096631690415,57.007939081801716,50.0
17.33733733733734,49.76118205365247,57.02052332182082,50.0
17.35735735735736,49.784659461810975,57.00533020856929,50.0
17.37737737737738,49.75228216686154,57.00400467337993,50.0
17.3973973973974,49.78194215776027,57.013465994130705,50.0
17.41741741741742,49.70453139952438,57.01103476147145,50.0
17.43743743743744,49.75616307407299,57.02949645285287,50.0
17.45745745745746,49.745422140583926,57.02336172715845,50.0
17.47747747747748,49.77842844032066,57.02891645754343,50.0
17.4974974974975,49.74801445092919,57.025915399034595,50.0
17.51751751751752,49.68730744092134,57.03507331608803,50.0
17.53753753753754,49.63571737058058,57.05068619084448,50.0
17.55755755755756,49.72059506526996,57.06533541573126,50.0
17.57757757757758,49.70107606769662,57.05354862688461,50.0
17.5975975975976,49.76315030809331,57.0613487656121,50.0
17.61761761761762,49.836606797821865,57.05318424604031,50.0
17.63763763763764,49.816916921939416,57.04188459006564,50.0
17.65765765765766,49.89154333844032,57.04809294592557,50.0
17.67767767767768,49.97746846466691,57.03580697204791,50.0
17.6976976976977,50.021412206076455,57.020226580947906,50.0
17.71771771771772,50.21044317546036,57.01179691783111,50.0
17.73773773773774,50.27337701189282,56.973877034885035,50.0
17.75775775775776,50.23181906811571,56.95840316586925,50.0
17.77777777777778,50.24569322201762,56.96284266979873,50.0
17.7977977977978,50.02867257881333,56.95683280307038,50.0
17.81781781781782,50.02803721713497,56.99657980414186,50.0
17.83783783783784,49.85980896957929,56.99630443209851,50.0
17.85785785785786,50.01639001138231,57.02939129696128,50.0
17.87787787787788,49.8456685955431,57.000194114378516,50.0
17.8978978978979,49.81383188271798,57.03394037877363,50.0
17.91791791791792,49.86686581684328,57.04243913325083,50.0
17.93793793793794,50.021875287634025,57.03449359974615,50.0
17.95795795795796,50.17255857583271,57.00551028706239,50.0
17.97797797797798,50.42647285862394,56.975215640445676,50.0
17.997997997998,50.463764335459835,56.92226490151195,50.0
18.01801801801802,50.40195164622783,56.90886677840098,50.0
18.03803803803804,50.28361985597379,56.91466916990571,50.0
18.05805805805806,50.414928905106855,56.93258589846644,50.0
18.07807807807808,50.34175375391809,56.90247890488583,50.0
18.0980980980981,50.30656117800452,56.91122696595901,50.0
18.11811811811812,50.30320286959333,56.91344143985831,50.0
18.13813813813814,50.294496671147755,56.909813637650814,50.0
18.15815815815816,50.29606993499511,56.9072972038867,50.0
18.17817817817818,50.245883495041255,56.90285702185679,50.0
18.1981981981982,50.23974977012661,56.90869569850293,50.0
18.21821821821822,50.20055846526922,56.90647058097374,50.0
18.23823823823824,50.21678845354859,56.91091034322944,50.0
18.25825825825826,50.486795373975085,56.90486971897165,50.0
18.27827827827828,50.58471271029316,56.8480964814999,50.0
18.2982982982983,50.47624730242826,56.82178760216484,50.0
18.31831831831832,50.27884249311379,56.83517956624948,50.0
18.33833833833834,50.22168282865484,56.867791753366454,50.0
18.35835835835836,50.228764725014635,56.87525962502392,50.0
18.37837837837838,50.22058629844115,56.87074356213509,50.0
18.3983983983984,50.10811220682297,56.86916527157353,50.0
18.41841841841842,49.9977951476073,56.888457892541396,50.0
18.43843843843844,49.98725027842476,56.90889744732861,50.0
18.45845845845846,50.02203012278305,56.91102692290422,50.0
18.47847847847848,50.19611399556641,56.90428392124852,50.0
18.4984984984985,50.172620100823416,56.86933006050139,50.0
18.51851851851852,50.101572068932875,56.871257330516805,50.0
18.53853853853854,50.0331458554829,56.882977784019104,50.0
18.55855855855856,50.0878508598738,56.895172127024104,50.0
18.57857857857858,50.065627557826446,56.883820558030386,50.0
18.5985985985986,50.12577207486321,56.88701216339406,50.0
18.61861861861862,49.987282890339465,56.874122856122554,50.0
18.63863863863864,50.00884939124409,56.89992157301244,50.0
18.65865865865866,50.03168859568203,56.89580775485217,50.0
18.67867867867868,50.1421023865943,56.89113841760719,50.0
18.6986986986987,50.188054793598624,56.86872044145126,50.0
18.71871871871872,50.16247226923691,56.857583843642566,50.0
18.73873873873874,50.16372616149904,56.860039721991505,50.0
18.75875875875876,50.1919682899907,56.85751329120131,50.0
18.77877877877878,50.13600600629631,56.84959825112417,50.0
18.7987987987988,50.142736015995744,56.85804528352941,50.0
18.81881881881882,50.15809647764455,56.85479992720654,50.0
18.83883883883884,50.18099589203903,56.849742675548235,50.0
18.85885885885886,50.06313657356492,56.842969804917736,50.0
18.87887887887888,50.09952085507757,56.86388898200871,50.0
18.8988988988989,50.106183958268204,56.855763203271124,50.0
18.91891891891892,50.08313404797355,56.85304246570163,50.0
18.93893893893894,50.23074047545443,56.85614165739279,50.0
18.95895895895896,50.33991831287592,56.825600868052206,50.0
18.97897897897898,50.2488694708188,56.80063934812897,50.0
18.998998998999,50.18694895987225,56.813995723657825,50.0
19.01901901901902,50.174043577093165,56.82283111283938,50.0
19.03903903903904,50.24362463378825,56.82277955952508,50.0
19.05905905905906,50.33519358307015,56.80649290500443,50.0
19.07907907907908,50.212329274474136,56.78485524181673,50.0
19.0990990990991,50.09571849126997,56.804609553478926,50.0
19.11911911911912,50.13937390858524,56.82484114809364,50.0
19.13913913913914,50.23520076449406,56.81481170798221,50.0
19.15915915915916,50.2209198003545,56.79378763282935,50.0
19.17917917917918,50.41339245181591,56.793333638017025,50.0
19.1991991991992,50.4225249356664,56.751932909883635,50.0
19.21921921921922,50.413144928561266,56.7443221300016,50.0
19.23923923923924,50.52516860284754,56.74026761249737,50.0
19.25925925925926,50.48355838628555,56.712183512594386,50.0
19.27927927927928,50.50500748469932,56.71310480865635,50.0
19.2992992992993,50.57310561305399,56.70205954348204,50.0
19.31931931931932,50.76481783025029,56.681429879643574,50.0
19.33933933933934,50.54770965745224,56.63524495167096,50.0
19.35935935935936,50.39188474637277,56.66773435282345,50.0
19.37937937937938,50.232810300301885,56.691070083045595,50.0
19.3993993993994,50.396753146956435,56.71723624875768,50.0
19.41941941941942,50.38906847520232,56.681346717965035,50.0
19.43943943943944,50.287599277745294,56.67731597117565,50.0
19.45945945945946,50.28660739985569,56.69205735239645,50.0
19.47947947947948,50.31390910510845,56.688224329687934,50.0
19.4994994994995,50.39418532804007,56.678774387618056,50.0
19.51951951951952,50.450960968147754,56.65839916766443,50.0
19.53953953953954,50.308080916573516,56.64157590091711,50.0
19.55955955955956,50.28650417436617,56.66369126017604,50.0
19.57957957957958,50.2844488627713,56.663667883969744,50.0
19.5995995995996,50.41016737654478,56.66006184626565,50.0
19.61961961961962,50.298042458233496,56.63105582985456,50.0
19.63963963963964,50.13107716833005,56.647622168555685,50.0
19.65965965965966,50.11962241890196,56.67667382991394,50.0
19.67967967967968,50.08502497014863,56.677116568303255,50.0
19.6996996996997,49.88309765371337,56.68232555519941,50.0
19.71971971971972,49.958890380545775,56.72132037985907,50.0
19.73973973973974,49.89690500522423,56.70787483617822,50.0
19.75975975975976,49.89217833013426,56.72078690531426,50.0
19.77977977977978,49.974772819269155,56.72317235459842,50.0
19.7997997997998,49.92813711702062,56.70824590817276,50.0
19.81981981981982,49.94111583670314,56.7178806005379,50.0
19.83983983983984,49.882709906471504,56.71630474088629,50.0
19.85985985985986,49.91949527785088,56.72875354299356,50.0
19.87987987987988,49.79610243361998,56.72307644359277,50.0
19.8998998998999,49.86497063275324,56.748761543128154,50.0
19.91991991991992,49.940590467138676,56.737913229733394,50.0
19.93993993993994,49.96975954520143,56.72475612639817,50.0
19.95995995995996,49.91836356736298,56.719783637113906,50.0
19.97997997997998,49.87327934442604,56.730435947125045,50.0
20.0,50.02381873850446,56.74055239341146,50.0
